Food,Beauty,Travel,Sports,Fashion,Art_Design,Health_Fitness,Technology,News,Comedy_Humor,Pets,Family_Parenting,Music_Dance,Home_Decor,Business,Entertainment,Lifestyle
foodig,beauty,macao,yoga,fashion,drawing,workout,Technology,news,comedian,instadog,family,music,interior,commerce,partyroom,lifestyle
boba,skincare,beach,training,pumahk,writing,organic,science,journalist,comedy,dogstagram,parenting,singing,decor,e-com,party,life style
pizza,laser,hotel,ready,style,illustration,yoga,blockchain,,funny,petstagram,lovemyfamily,dance,,business,actor,shopaholic
foodprint,suncare,sunrise,team,ootd,calligraphy,keepyourselffit,innovation,,standupcomedy,dogs,mother,choreograph,,,actress,
food,suncream,macau,sport,outfitoftheday,writer,fitness,platform,,laugh,animallover,daughter,dancing,,,youtuber,
cafe,deepclean,travel,football,vintage,history,gym,education,,jokes,animalsofinstagram,motheranddaughter,sing,,,anchor,
cheese,kissme,wanderlust,fitness,streetstyle,aesthetics,running,internet,,memes,animal lover,,guitar,,,host,
dessert,heroinemakehk,explore,basketball,lookbook,culture,exercise,development,,funnyvideos,doglover,,dancer,,,tvhost,
bakery,shiseidohk,instapassport,soccer,styleinspo,,behealthy,google,,humor,dog lover,,dancing,,,artist,
noodles,ultimune,nature,nfl,fashionweek,,health,software,,standupcomedian,catlover,,singer,,,vlog,
hkdelicious,fancl,flyer,nba,outfit,,nutrition,,,joker,cat lover,,lyricist,,,pianist,
delicious,mensbiore,singapore,gym,inmycloset,,enthusiast,,,memesdaily,,,lyrics,,,drama,
hkfood,sasahk,china,athlete,womenswear,,trainer,,,comic,,,,,,performer,
hkfoodie,philosophyhk,malaysia,running,menswear,,nutritionist,,,lol,,,,,,content creator,
hkpigfood,revolveme,leisure,cricket,beachwear,,,,,hilarious,,,,,,video creator,
foodhk,tiffanyfragrance,newyorkcity,boxing,instashoes,,,,,,,,,,,,
foodie,clarinsvsfl,egypt,gaming,shoestagram,,,,,,,,,,,,
healthyfood,clarinshk,photooftheday,shooting,shoeaholic,,,,,,,,,,,,
foodstagram,ipsa,theprettycities,adidas,shoeaddict,,,,,,,,,,,,
foodgasm,facesssoceanterminal,winter,badminton,shoeoftheday,,,,,,,,,,,,
foodphotography,hiruscar,trip,trainer,handbaglover,,,,,,,,,,,,
foods,birdsnestbywatsons,sunset,sports,handbagaddict,,,,,,,,,,,,
foody,olayhk,discountpass,hiking,bagcollection,,,,,,,,,,,,
hkigfood,ghdpink,aroundtheworld,marathon,handbag,,,,,,,,,,,,
hongkongfood,neutrogenahk,exploringtheglobe,olympic,purseswag,,,,,,,,,,,,
foodporn,melvitahk,wanderlusting,,bagsofinstagram,,,,,,,,,,,,
instafood,ipsahk,worldwonder,,jewellerygram,,,,,,,,,,,,
hkfoodlover,sulwhasoohongkong,ig_great_pics,,instajewel,,,,,,,,,,,,
hkfoodporn,makeup,adventure,,jewellery,,,,,,,,,,,,
hkfoodstagram,dayschallenge,vacation,,earingsoftheday,,,,,,,,,,,,
hkfoodblog,mask,passportlife,,earings,,,,,,,,,,,,
hkfoodpic,kerastasehk,picoftheday,,urbanstyle,,,,,,,,,,,,
hkfoodig,microessence,passportready,,streetwear,,,,,,,,,,,,
hkfoodgram,esteehk,instago,,designer,,,,,,,,,,,,
hkfoodjudge,urbandecayhk,tourist,,model,,,,,,,,,,,,
hkfoodphtograph,victoriassecrethk,worldcapture,,miss hk,,,,,,,,,,,,
hkfoodtsgram,beautyblogger,tourism,,miss hong kong,,,,,,,,,,,,
hongkongfoodie,louisvuittion,worldingram,,,,,,,,,,,,,,
yummy,hongkonggirl,getaway,,,,,,,,,,,,,,
tasty,make up,frequentflyer,,,,,,,,,,,,,,
foodpic,shiseido,frequent flyer,,,,,,,,,,,,,,
nomnom,nourish,,,,,,,,,,,,,,,
foodcoma,beautykol,,,,,,,,,,,,,,,
coffeegram,nightrepair,,,,,,,,,,,,,,,
foodspiration,skinrepair,,,,,,,,,,,,,,,
hkfoodtalk,maybelline,,,,,,,,,,,,,,,
pnd,bblog,,,,,,,,,,,,,,,
foodkol,organic,,,,,,,,,,,,,,,
foodlove,machk,,,,,,,,,,,,,,,
hkfoodloverat,tresemme,,,,,,,,,,,,,,,
foodxtaste,beautyblog,,,,,,,,,,,,,,,
foodlover,coopervision,,,,,,,,,,,,,,,
foodies,spa,,,,,,,,,,,,,,,
hkfoodblogger,dior,,,,,,,,,,,,,,,
eataround,faces,,,,,,,,,,,,,,,
drink,model,,,,,,,,,,,,,,,
sharefood,,,,,,,,,,,,,,,,
hkeat,,,,,,,,,,,,,,,,
sushi,,,,,,,,,,,,,,,,
seafood,,,,,,,,,,,,,,,,
shrimp,,,,,,,,,,,,,,,,